id;дата;время;площадка;формат;статус;текст;медиа;комментарий
test-tg-post;2026-09-28;10:00;telegram;пост;черновик;"**Тестовый пост** автопостера.

Если вы это видите — публикация в канал работает. Пост можно удалить.";;Задача 6: тест поста в ТГ
test-tg-album;2026-09-28;10:05;telegram;пост;черновик;Тест альбома из трёх картинок.;media/test/carousel_test_1.jpg|media/test/carousel_test_2.jpg|media/test/carousel_test_3.jpg;Тест альбома в ТГ
test-tg-story;2026-09-28;10:10;telegram;сторис;черновик;;media/test/story_test.jpg;Тест сторис в ТГ (нужны бусты)
test-ig-carousel;2026-09-28;10:15;instagram;карусель;черновик;Тестовая карусель. Удалить после проверки.;media/test/carousel_test_1.jpg|media/test/carousel_test_2.jpg|media/test/carousel_test_3.jpg;Тест карусели в ИГ
test-ig-story;2026-09-28;10:20;instagram;сторис;черновик;;media/test/story_test.jpg;Тест сторис в ИГ
0928-ig-st1;2026-09-24;19:00;instagram;сторис;готово;;media/2026-09-28/story_1_wish.jpg;день 1 · сторис 1: пожелание
0928-ig-st2;2026-09-24;19:01;instagram;сторис;готово;;media/2026-09-28/story_2_topic.jpg;день 1 · сторис 2: тема дня
0928-ig-car;2026-09-24;19:02;instagram;карусель;готово;"Большинство требований из налоговой начинаются не с проверки, а с расхождения в цифрах, которое видно со стороны.

Собрала 6 мест, где такие расхождения появляются чаще всего. Проверить их можно самому за вечер — вместе с бухгалтером.

Сохраните карусель, чтобы не потерять. А если хотите чек-лист самопроверки — напишите «КАССА» в комментариях, пришлю в директ.

#налоги #налоговоесопровождение #бухгалтерия #бизнес #налоговаяпроверка";media/2026-09-28/car_rashozhdeniya_01.jpg|media/2026-09-28/car_rashozhdeniya_02.jpg|media/2026-09-28/car_rashozhdeniya_03.jpg|media/2026-09-28/car_rashozhdeniya_04.jpg|media/2026-09-28/car_rashozhdeniya_05.jpg|media/2026-09-28/car_rashozhdeniya_06.jpg|media/2026-09-28/car_rashozhdeniya_07.jpg|media/2026-09-28/car_rashozhdeniya_08.jpg;день 1 · 7 расхождений, которые налоговая видит первой
0928-tg-post;2026-09-24;19:03;telegram;пост;готово;"❗️ Налоговая всё чаще приходит не с проверкой, а с расхождением. И видит его раньше, чем вы.

Требование сегодня формирует робот. Данные касс, банков и отчётности сводятся автоматически — и если цифры «не бьются», вопрос прилетает сам. Разберём, где расходится чаще всего и на какие нормы опирается инспекция 👇

**1. Касса ≠ эквайринг ≠ декларация**
Каждый чек через ОФД уходит в налоговую почти сразу — это требование закона о ККТ (54-ФЗ). Поступления по эквайрингу видны по счёту. Если выручка в декларации меньше, при камеральной проверке запросят пояснения — п. 3 ст. 88 НК РФ, срок 5 рабочих дней.

**2. Возвраты без документов**
Чек возврата должен подтверждаться реальным возвратом денег и товара. Массовые возвраты без объяснений — вопрос «а были ли продажи» и повод для истребования документов (ст. 93 НК РФ).

**3. Переводы на карту без чека**
Деньги от клиентов переводом — это выручка. На УСН доход признаётся по дате поступления (п. 1 ст. 346.17 НК РФ). Нет чека — нарушение 54-ФЗ, нет дохода в декларации — занижение базы.

**4. Банк видит всё движение**
По запросу инспекции банк обязан выдать выписку по счёту (п. 2 ст. 86 НК РФ). Назначения платежей, переводы себе и «займы» от физлиц читаются очень быстро.

**5. Склад и учёт живут отдельно**
Инвентаризация обязательна (ст. 11 закона о бухучёте 402-ФЗ). Разница между остатками в учёте и на складе — первое, что просят объяснить при проверке.

**6. Зарплата ниже рынка**
Зарплата ниже среднего уровня по отрасли в регионе — один из критериев риска в Концепции планирования выездных проверок (приказ ФНС от 30.05.2007 № ММ-3-06/333@). Сначала письмо, потом зарплатная комиссия.

⚠️ Важно: пояснения — это не формальность. Ответ «всё верно» без цифр и документов почти всегда ведёт к следующему шагу инспекции.

💬 Моё правило: раз в квартал сверять кассу, банк и отчётность самим — до того, как это сделает налоговая. Это час работы бухгалтера, а не недели переписки с инспекцией.

Как это применить именно в вашей компании — с вашими договорами, командой и оборотами — разберём на консультации.

📌 Запись — в закреплённом посте канала или напишите мне @toymurzina_buh";media/2026-09-28/car_tg-rashozhdeniya_01.jpg;день 1 · Что налоговая видит в ваших цифрах раньше вас
0929-ig-st1;2026-09-25;09:00;instagram;сторис;готово;;media/2026-09-29/story_1_wish.jpg;день 2 · сторис 1: пожелание
0929-ig-st2;2026-09-25;09:01;instagram;сторис;готово;;media/2026-09-29/story_2_topic.jpg;день 2 · сторис 2: тема дня
0929-ig-car;2026-09-25;16:51;instagram;карусель;готово;"Истории крупных компаний про налоги всегда звучат как детектив. Но в них нет волшебства — есть структура, которую просчитали заранее.

Разобрала три известных случая и то, что из этой логики применимо к российскому бизнесу. Спойлер: главное — не офшоры, а правильно выбранный режим.

Напишите «РЕЖИМ» в комментариях — подскажу, с чего начать проверку.

#налоги #бизнес #налоговоеконсультирование #налоговоесопровождение";media/2026-09-29/car_brendy_01.jpg|media/2026-09-29/car_brendy_02.jpg|media/2026-09-29/car_brendy_03.jpg|media/2026-09-29/car_brendy_04.jpg|media/2026-09-29/car_brendy_05.jpg|media/2026-09-29/car_brendy_06.jpg|media/2026-09-29/car_brendy_07.jpg;день 2 · Apple, IKEA и Безос: как мировые бренды платят меньше налогов
0929-tg-post;2026-09-25;16:52;telegram;пост;готово;"📌 Apple, IKEA и Безос платили меньше налогов, чем многие наши предприниматели. Давайте честно разберём, как — и что из этой логики законно работает в России.

**Apple.** Прибыль со всего мира собиралась в ирландских компаниях группы. По расчёту Еврокомиссии, в 2014 году эффективная ставка составила около 0,005%. Итог — в 2024 году Суд ЕС окончательно обязал Apple доплатить €13 млрд.

**IKEA.** Основатель уехал из Швеции, а владельцем группы стал нидерландский фонд. Прибыль оседала там, где налоговая нагрузка ниже.

**Безос.** Состояние растёт за счёт стоимости акций, а налог платят с дохода. По данным ProPublica, в отдельные годы (2007 и 2011) он не платил федеральный подоходный налог.

Общее у всех трёх — структура, просчитанная заранее. И второе общее: к каждой из этих историй потом пришли налоговые органы.

**А теперь про нас 👇**

❌ Офшоры и «прокладки» — не вариант. С 2015 года действуют правила о контролируемых иностранных компаниях (ст. 25.13 НК РФ): прибыль КИК облагается у российского владельца.

❌ «Схема ради экономии» — тоже. По ст. 54.1 НК РФ основной целью сделки не может быть неуплата налога, а операция должна быть реальной и исполненной стороной договора.

✅ Что законно и часто недооценено:
▫️ **Выбор режима и объекта.** УСН «доходы» или «доходы минус расходы» (ст. 346.14 НК РФ) — разница в налоге бывает в разы.
▫️ **Региональные ставки.** Регионы вправе снижать ставки УСН (ст. 346.20 НК РФ). Но льгота работает, только если бизнес там реально ведётся — иначе ст. 54.1 и доначисления.
▫️ **Форма дохода собственника.** Зарплата, дивиденды, ИП — у каждой свои налоги и взносы. Считается на цифрах конкретного бизнеса.
▫️ **НДС на УСН.** С 2026 года упрощенцы с доходом выше 20 млн ₽ платят НДС (закон № 425-ФЗ). Выбор между 5%, 7% и 22% с вычетами — это расчёт, а не угадывание.

💬 Мировые бренды искали дыры между странами. Нам этого не нужно: в самом НК РФ достаточно законных решений. Только выбирать их нужно до того, как пришло требование, а не после.

Как это применить именно в вашей компании — с вашими договорами, командой и оборотами — разберём на консультации.

📌 Запись — в закреплённом посте канала или напишите мне @toymurzina_buh";media/2026-09-29/car_tg-brendy_01.jpg;день 2 · Apple, IKEA и Безос: что из этого законно для нас
0929-ig-st2b;2026-09-25;16:50;instagram;сторис;готово;;media/2026-09-29/story_2_topic.jpg;день 2 · сторис 2 (замена: резкое фото)
pin-3;2026-09-25;17:01;instagram;карусель;готово;"Налоги — это про цифры. Но выбирают всё равно человека.

Поэтому вот я — без регалий. Верю в прозрачность: собственник имеет право понимать, за что платит. Не работаю с серыми схемами, даже когда просят. Говорю о рисках прямо, но не пугаю. И объясняю простым языком — иначе какой смысл.

Вне работы организую Fuckup Night в Йошкар-Оле — там предприниматели честно говорят о своих провалах. Я уверена: люди растут в разговоре, а не в одиночку.

Если вам близко — подписывайтесь. Больше живого и полезного — в Телеграм-канале, ссылка в шапке профиля.

#налоговыйконсультант #ценности #предприниматель #налоги #йошкарола";media/pinned/car_pin3-tsennosti_01.jpg|media/pinned/car_pin3-tsennosti_02.jpg|media/pinned/car_pin3-tsennosti_03.jpg|media/pinned/car_pin3-tsennosti_04.jpg|media/pinned/car_pin3-tsennosti_05.jpg|media/pinned/car_pin3-tsennosti_06.jpg|media/pinned/car_pin3-tsennosti_07.jpg|media/pinned/car_pin3-tsennosti_08.jpg|media/pinned/car_pin3-tsennosti_09.jpg;закреп 3
pin-2;2026-09-25;17:02;instagram;карусель;готово;"Меня часто спрашивают: чем налоговый консультант отличается от бухгалтера?

Консультант обычно говорит, как надо, и уходит. Бухгалтерия делает, как привыкла. Я определяю налоговую модель бизнеса — и остаюсь отвечать за то, чтобы она реально заработала в учёте.

За 12 лет — десятки отраслей, требования, блокировки, зарплатные комиссии, выезды к клиентам в другие регионы. В карусели — сильные стороны и несколько типовых кейсов.

👉 Разборы кейсов со ссылками на нормы НК РФ — в Телеграм-канале @toymurzina_buhgalter. Ссылка в шапке профиля.

#налоговыйконсультант #кейсы #налоговоесопровождение #налоги #бизнес";media/pinned/car_pin2-opyt_01.jpg|media/pinned/car_pin2-opyt_02.jpg|media/pinned/car_pin2-opyt_03.jpg|media/pinned/car_pin2-opyt_04.jpg|media/pinned/car_pin2-opyt_05.jpg|media/pinned/car_pin2-opyt_06.jpg|media/pinned/car_pin2-opyt_07.jpg|media/pinned/car_pin2-opyt_08.jpg|media/pinned/car_pin2-opyt_09.jpg;закреп 2
pin-1;2026-09-25;17:03;instagram;карусель;готово;"У меня не было своего ноутбука. Был декрет, ребёнок на руках и клиент из отрасли, в которой я ничего не понимала.

Спросить было не у кого. Я разбиралась по ночам, на одолженном ноутбуке, — и тогда поняла: никто не разложит это за меня.

С тех пор прошло 12 лет. Рядовой бухгалтер на производстве, главный бухгалтер в разных отраслях, своя бухгалтерская компания и статус налогового консультанта. Десятки ниш, проверки, требования, споры.

И один вывод: защищённость бизнеса решается не отчётом, а решениями задолго до него.

Здесь и в Телеграм-канале я разбираю налоги простым языком — так, как их видит собственник, а не проверяющий.

👉 Подписывайтесь: ссылка на канал — в шапке профиля. Разберёмся по цифрам.

#налоговыйконсультант #налоги #бухгалтерия #налоговоесопровождение #историяуспеха";media/pinned/car_pin1-istoriya_01.jpg|media/pinned/car_pin1-istoriya_02.jpg|media/pinned/car_pin1-istoriya_03.jpg|media/pinned/car_pin1-istoriya_04.jpg|media/pinned/car_pin1-istoriya_05.jpg|media/pinned/car_pin1-istoriya_06.jpg|media/pinned/car_pin1-istoriya_07.jpg|media/pinned/car_pin1-istoriya_08.jpg;закреп 1
0926-ig-st1;2026-09-26;17:40;instagram;сторис;готово;;media/2026-09-26/story_1_wish.jpg;26.09 сторис 1
0926-ig-st2;2026-09-26;17:41;instagram;сторис;готово;;media/2026-09-26/story_2_topic.jpg;26.09 сторис 2
0926-ig-car;2026-09-26;19:00;instagram;карусель;готово;"Ваш бухгалтер видит отчётность. Налоговая видит всё остальное: банки, кассы, ЗАГС, Росреестр, соцсети. А с 1 октября — ещё и маркетплейсы.

Собрала 6 источников, из которых ФНС собирает данные о бизнесе. Это не страшилка — это повод один раз посмотреть на свой бизнес со стороны и убедиться, что всё сходится.

Сохраните, чтобы не потерять.

👉 Подробный разбор со ссылками на нормы НК РФ — в Телеграм-канале @toymurzina_buhgalter. Ссылка в шапке профиля.

#налоговая #ФНС #налоговоесопровождение #налоги #бизнес";media/2026-09-26/car_fns-hook_01.jpg|media/2026-09-26/car_fns-hook_02.jpg|media/2026-09-26/car_fns-hook_03.jpg|media/2026-09-26/car_fns-hook_04.jpg|media/2026-09-26/car_fns-hook_05.jpg|media/2026-09-26/car_fns-hook_06.jpg|media/2026-09-26/car_fns-hook_07.jpg|media/2026-09-26/car_fns-hook_08.jpg;26.09 карусель ФНС
0926-tg-post;2026-09-26;19:01;telegram;пост;готово;"❗️ Налоговая знает о вашем бизнесе больше, чем ваш бухгалтер. А через 5 дней узнает ещё больше.

С 1 октября 2026 года у ФНС появляется новый источник данных — цифровые платформы. Самое время разобраться, что налоговая видит уже сейчас 👇

**1. Цифровые платформы — новое**
С 1 октября вступает в силу закон о платформенной экономике (31.07.2025 № 289-ФЗ). Маркетплейсы и сервисы-посредники будут передавать в налоговую сведения о доходах продавцов и исполнителей. Все поступления через площадку будут сверяться с декларациями. Формат и сроки передачи определяет Правительство.

**2. Банки**
Банки сообщают об открытии и закрытии счетов, а по запросу выдают выписки и справки об операциях (ст. 86 НК РФ).

**3. Кассы и ОФД**
Каждый чек передаётся в налоговую через оператора фискальных данных (54-ФЗ). И каждый непробитый — заметен по разнице с оплатами.

**4. ЗАГС**
Органы ЗАГС сообщают в налоговую о регистрации актов гражданского состояния — рождения, брака, смерти (п. 3 ст. 85 НК РФ). Родственники — взаимозависимые лица (пп. 11 п. 2 ст. 105.1 НК РФ). Бизнес, поделённый между супругами и родителями, виден одним запросом — и это классический признак дробления.

**5. Росреестр и ГИБДД**
Недвижимость и транспорт — у кого, когда, на кого (п. 4 ст. 85 НК РФ). Покупки должны сходиться с доходами.

**6. Открытые источники**
Сайт, соцсети, вакансии, отзывы. Вакансия «в штат» при исполнителях-самозанятых или один сайт на несколько «независимых» компаний — частые доказательства в судебных спорах.

И над всем этим — налоговый контроль по ст. 82 НК РФ и автоматическая сверка данных. Я всегда говорю: ФНС — самая крупная IT-компания в России.

**Что делать**
▫️ Проверить, совпадает ли картина из этих источников с вашей отчётностью.
▫️ Если продаёте через маркетплейсы — сверить доходы по отчётам площадки с декларацией уже за 2026 год.
▫️ Если бизнес разделён на несколько лиц — убедиться, что у каждого есть реальная самостоятельность, а не только регистрация.

💬 Это не повод бояться. Это повод, чтобы цифры и реальность совпадали.

Как это применить именно в вашей компании — с вашими договорами, командой и оборотами — разберём на консультации.

📌 Запись — в закреплённом посте канала или напишите мне @toymurzina_buh";media/2026-09-26/car_tg-fns-hook_01.jpg;26.09 пост ТГ
0927-ig-st1;2026-09-27;19:00;instagram;сторис;готово;;media/2026-09-27/story_1_wish.jpg;27.09 сторис 1
0927-ig-st2;2026-09-27;19:00;instagram;сторис;готово;;media/2026-09-27/story_2_topic.jpg;27.09 сторис 2
0927-ig-car;2026-09-27;19:00;instagram;карусель;готово;"Назначили выездную проверку. Самое опасное в первые дни — не инспектор, а паника и попытки «подчистить» документы.

В карусели — спокойный план на первые три дня. Сохраните, чтобы был под рукой.

А сколько длится проверка, за сколько дней отдавать документы, как законно продлить срок и как спорить с актом — подробно, со ссылками на статьи НК РФ, разобрала в Телеграм-канале.

👉 Читайте полный разбор в @toymurzina_buhgalter — ссылка в шапке профиля.

#выезднаяпроверка #налоговаяпроверка #налоговоесопровождение #налоги #бизнес";media/2026-09-27/car_vyezdnaya_01.jpg|media/2026-09-27/car_vyezdnaya_02.jpg|media/2026-09-27/car_vyezdnaya_03.jpg|media/2026-09-27/car_vyezdnaya_04.jpg|media/2026-09-27/car_vyezdnaya_05.jpg|media/2026-09-27/car_vyezdnaya_06.jpg|media/2026-09-27/car_vyezdnaya_07.jpg|media/2026-09-27/car_vyezdnaya_08.jpg;27.09 карусель выездная
0927-tg-post;2026-09-27;19:00;telegram;пост;готово;"⚠️ Вам вручили решение о выездной налоговой проверке. Выдохнули. Это процедура с чёткими правилами — и у вас в ней тоже есть права.

**Что говорит закон**
▫️ Решение о проверке указывает период и налоги. Проверить могут максимум три календарных года, предшествующих году решения (п. 4 ст. 89 НК РФ).
▫️ Срок проверки — до 2 месяцев, с продлением до 4, в исключительных случаях до 6 (п. 6 ст. 89 НК РФ). Проверку могут приостанавливать.
▫️ Документы по требованию — 10 рабочих дней (п. 3 ст. 93 НК РФ). Не успеваете — в течение дня, следующего за днём получения требования, подайте уведомление о продлении срока (п. 3 ст. 93).
▫️ Инспекторы вправе проводить осмотр (ст. 92), допрашивать сотрудников (ст. 90), в крайних случаях — выемку (ст. 94).

**Первые шаги**
1️⃣ **Ничего не правьте задним числом.** Сделайте копию базы 1С как есть. Исправления «под проверку» выглядят хуже, чем исходная ошибка, и легко обнаруживаются.
2️⃣ **Соберите команду.** Бухгалтер, налоговый консультант, при необходимости юрист. Один бухгалтер против инспекции — это слишком.
3️⃣ **Разберите период сами.** Где нет первички, где расходы без понятной цели (ст. 252 НК РФ), где сомнительные контрагенты (ст. 54.1). Лучше увидеть это раньше инспектора.
4️⃣ **Подготовьте сотрудников к допросам.** Не «что говорить», а понимание, как устроены их функции и процессы. Свидетель вправе не свидетельствовать против себя.
5️⃣ **Ведите опись.** Всё, что передаёте, — с сопроводительным письмом и описью. Это ваша доказательная база.

**Что после проверки**
По итогам составляют акт. На него можно подать письменные возражения в течение месяца (п. 6 ст. 100 НК РФ). Решение, которое не вступило в силу, обжалуют в вышестоящий налоговый орган (ст. 101.2, 139.1 НК РФ) — до суда.

💬 Из практики: исход проверки чаще решает не то, что было «идеально», а то, насколько внятно и документально вы объясняете каждое решение. Позицию строят с первого дня, а не после акта.

Как это применить именно в вашей компании — с вашими договорами, командой и оборотами — разберём на консультации.

📌 Запись — в закреплённом посте канала или напишите мне @toymurzina_buh";media/2026-09-27/car_tg-vyezdnaya_01.jpg;27.09 пост ТГ
0928n-ig-st1;2026-09-28;19:00;instagram;сторис;готово;;media/2026-09-28/story_1_wish.jpg;2026-09-28 сторис 1
0928n-ig-st2;2026-09-28;19:00;instagram;сторис;готово;;media/2026-09-28/story_2_topic.jpg;2026-09-28 сторис 2
0928n-ig-car;2026-09-28;19:00;instagram;карусель;готово;"Порог освобождения от НДС на УСН снижается: 20 млн ₽ в 2026 году, 15 млн ₽ в 2027-м, 10 млн ₽ в 2028-м.

Главное, что упускают: освобождение на следующий год зависит от дохода за текущий. Если к 31 декабря 2026 года вы заработаете больше 15 млн ₽, с января вы плательщик НДС. Автоматически, без заявлений.

Что сделать в октябре:
▫️ посчитать прогноз дохода до конца года — вместе с декабрьскими предоплатами;
▫️ сравнить две ставки: 5% или 7% без вычетов или 22% с вычетами;
▫️ проверить цены в договорах, которые будут действовать в 2027-м.

Паниковать не нужно. Нужно посчитать — пока есть время выбрать, а не подстраиваться.

👉 Подробный разбор со ссылками на нормы НК РФ — в Телеграм-канале @toymurzina_buhgalter, ссылка в шапке профиля

#НДС2026 #УСН #налогидлябизнеса #налоговыйконсультант #бухгалтерскийаутсорсинг";media/2026-09-28/car_nds-porog_01.jpg|media/2026-09-28/car_nds-porog_02.jpg|media/2026-09-28/car_nds-porog_03.jpg|media/2026-09-28/car_nds-porog_04.jpg|media/2026-09-28/car_nds-porog_05.jpg|media/2026-09-28/car_nds-porog_06.jpg|media/2026-09-28/car_nds-porog_07.jpg|media/2026-09-28/car_nds-porog_08.jpg;2026-09-28 карусель nds-porog
0928n-tg-post;2026-09-28;19:00;telegram;пост;готово;"❗️ 15 миллионов. Именно эта цифра, а не 20, решает, будете ли вы платить НДС с 1 января 2027 года.

С 2026 года упрощенец освобождён от НДС, только если доход за прошлый год не больше 20 млн ₽. В 2027-м порог — 15 млн ₽, в 2028-м — 10 млн ₽. Считается он по доходам предыдущего года. То есть ваш 2027-й решается сейчас, в оставшиеся три месяца 👇

**1. Кто заходит в НДС**
▫️ Доход за 2026 год больше 15 млн ₽ — с 1 января 2027-го вы плательщик НДС.
▫️ Доход перевалил за 20 млн ₽ уже в 2026-м — НДС появляется с 1-го числа месяца, следующего за месяцем превышения (п. 5 ст. 145 НК РФ).
Освобождение на УСН работает автоматически, заявление не нужно.

**2. Какую ставку выбрать**
1️⃣ 5% или 7% — без вычетов входящего НДС (п. 8 ст. 164 НК РФ);
2️⃣ общая ставка 22% — с вычетами (ст. 171, 172 НК РФ).
Пониженную ставку выбирают надолго — на 12 кварталов подряд (п. 9 ст. 164 НК РФ). Ошибка в расчёте растянется на годы.

**3. Что сделать до конца года**
▫️ Посчитать прогноз дохода за 2026-й вместе с декабрьскими авансами: на УСН доход признаётся по дате поступления денег (п. 1 ст. 346.17 НК РФ).
▫️ Разложить покупателей: кому важен входящий НДС. Если это крупные компании на ОСНО, ставка 5% без вычетов может стоить вам клиентов.
▫️ Проверить цены в долгих договорах на 2027 год: цена «без НДС» съест маржу.
▫️ Настроить учёт и кассу под НДС заранее.

**Пример**
Компания на УСН, доход за 9 месяцев — 13 млн ₽. В декабре традиционно приходят предоплаты за новый сезон, по прогнозу выходило 16,5 млн ₽ — и НДС с января. Что делать: посчитать обе ставки, переписать цены в договорах на 2027 год и заранее предупредить ключевых покупателей. Тогда январь пройдёт спокойно.

💬 Моё правило: порог — не повод паниковать, а повод посчитать. Час с цифрами в октябре дешевле, чем год с НДС, к которому вы не готовились.

Как это применить именно в вашей компании — с вашими договорами, командой и оборотами — разберём на консультации.

📌 Запись — в закреплённом посте канала или напишите мне @toymurzina_buh";media/2026-09-28/car_tg-nds-porog_01.jpg;2026-09-28 пост ТГ
0929n-ig-st1;2026-09-29;19:00;instagram;сторис;готово;;media/2026-09-29/story_1_wish.jpg;2026-09-29 сторис 1
0929n-ig-st2;2026-09-29;19:00;instagram;сторис;готово;;media/2026-09-29/story_2_topic.jpg;2026-09-29 сторис 2
0929n-ig-car;2026-09-29;19:00;instagram;карусель;готово;"Требование из налоговой — это вопрос, а не обвинение. Но от того, как вы ответите, зависит, закончится ли всё на этом.

Сохраните структуру пояснения: три блока и список того, чего писать не стоит.

👉 Подробный разбор со ссылками на нормы НК РФ — в Телеграм-канале @toymurzina_buhgalter. Ссылка в шапке профиля.

#требованиеналоговой #налоговая #налоговоесопровождение #бухгалтерия";media/2026-09-29/car_poyasnenie_01.jpg|media/2026-09-29/car_poyasnenie_02.jpg|media/2026-09-29/car_poyasnenie_03.jpg|media/2026-09-29/car_poyasnenie_04.jpg|media/2026-09-29/car_poyasnenie_05.jpg|media/2026-09-29/car_poyasnenie_06.jpg|media/2026-09-29/car_poyasnenie_07.jpg|media/2026-09-29/car_poyasnenie_08.jpg;2026-09-29 карусель poyasnenie
0929n-tg-post;2026-09-29;19:00;telegram;пост;готово;"❗️ Требование из налоговой — это вопрос, а не обвинение. Но от того, как и когда вы ответите, зависит, закончится ли всё на этом. Разбираю по шагам и по нормам 👇

**Шаг 1. Подтвердите получение**
Квитанцию о приёме по ТКС нужно отправить в течение 6 рабочих дней (п. 5.1 ст. 23 НК РФ). Не отправили — через 10 рабочих дней после этого срока налоговая вправе заблокировать счёт (пп. 2 п. 3 ст. 76 НК РФ). Да, счёт блокируют просто за молчание.

**Шаг 2. Поймите, что именно просят**
▫️ **Пояснения** при камеральной проверке — 5 рабочих дней (п. 3 ст. 88 НК РФ). Пояснения к декларации по НДС принимаются только в электронном виде по ТКС. Бумажные считаются непредставленными.
▫️ **Документы** — 10 рабочих дней (п. 3 ст. 93 НК РФ). Не успеваете — уведомите инспекцию о продлении срока.

**Шаг 3. Соберите ответ из трёх блоков**
1️⃣ Суть запроса своими словами: что именно спрашивают.
2️⃣ Ваша позиция с цифрами: «расхождение связано с возвратом от поставщика на сумму …».
3️⃣ Подтверждение: перечень приложений с номерами и датами. По п. 4 ст. 88 НК РФ можно дополнительно приложить выписки из регистров и другие документы.

**Шаг 4. Не пишите так**
«Всё верно», «ошибки нет», «не согласны» — без объяснений. Такой ответ формально есть, а по сути нет. Дальше будут вызов на комиссию, допросы, иногда предпроверочный анализ.

**Шаг 5. Отправьте вовремя и сохраните подтверждение**
Через оператора ЭДО, с квитанцией о приёме.

**Сколько стоит молчание**
▫️ Непредставление пояснений — штраф 5 000 ₽, повторно в течение года — 20 000 ₽ (ст. 129.1 НК РФ).
▫️ Непредставление документов — 200 ₽ за каждый документ (п. 1 ст. 126 НК РФ).
▫️ И главное — блокировка счёта, которая останавливает бизнес за день.

💬 Если требование пришло, а ошибка действительно есть, иногда правильнее подать уточнённую декларацию, чем объяснять. Какой путь выбрать — зависит от суммы, периода и последствий.

Как это применить именно в вашей компании — с вашими договорами, командой и оборотами — разберём на консультации.

📌 Запись — в закреплённом посте канала или напишите мне @toymurzina_buh";media/2026-09-29/car_tg-trebovanie_01.jpg;2026-09-29 пост ТГ
0928c-ig-st2;2026-09-28;19:00;instagram;сторис;готово;;media/2026-09-28/story_2_topic.jpg;28.09 исправленная сторис
0928c-ig-car;2026-09-28;19:00;instagram;карусель;готово;"Многие пишут, что с 2027 года порог НДС на УСН снизится до 15 млн ₽. Это не так.

Для упрощенцев порог остаётся 20 млн ₽ и заморожен на этом уровне до конца 2029 года. А 15 млн ₽ — это новый лимит доходов для патента в 2027 году. С 2028-го он снизится до 10 млн ₽.

Кого это касается сильнее всего:
▫️ ИП на патенте с доходом 10–20 млн ₽;
▫️ тех, кто совмещает УСН и ПСН: доходы по двум режимам складываются.

Проверьте до конца года, сколько вы заработали на всех режимах вместе, и прибавьте то, что ожидаете до 31 декабря.

👉 Три сценария и нормы НК РФ — в Телеграм-канале @toymurzina_buhgalter, ссылка в шапке профиля

#НДС #УСН #патент #ПСН #налоговыйконсультант";media/2026-09-28/car_nds-limity_01.jpg|media/2026-09-28/car_nds-limity_02.jpg|media/2026-09-28/car_nds-limity_03.jpg|media/2026-09-28/car_nds-limity_04.jpg|media/2026-09-28/car_nds-limity_05.jpg|media/2026-09-28/car_nds-limity_06.jpg|media/2026-09-28/car_nds-limity_07.jpg|media/2026-09-28/car_nds-limity_08.jpg;28.09 исправленная карусель
0928c-tg-post;2026-09-28;19:00;telegram;пост;готово;"❗️ Порог НДС на УСН в 2027 году не снизится до 15 млн. Эту цифру сейчас часто путают — и из-за неё одни зря готовятся к НДС, а другие пропускают настоящий риск. Разбираю, как на самом деле 👇

**1. УСН: 20 млн до конца 2029 года**
▫️ В 2027 году упрощенец работает без НДС, пока доход не больше 20 млн ₽. На этом уровне порог заморожен до конца 2029 года (ст. 145 НК РФ).
▫️ Доход считают за предыдущий год кассовым методом — графа «Доходы» в КУДиР (ст. 346.17 НК РФ). Для ИП проценты по вкладам в расчёт не включаются.

**2. Патент: вот где 15 и 10 млн**
▫️ Лимит доходов для ПСН: в 2027 году — 15 млн ₽, с 2028 года — 10 млн ₽.
▫️ При совмещении УСН и ПСН доходы по обоим режимам складываются.
▫️ Превысили лимит — право на патент утрачивается, и ИП переходит на свой основной режим (ст. 346.45 НК РФ).

**3. Три сценария по итогам 2026 года**
1️⃣ Доход до 15 млн ₽ — патент в 2027-м сохраняется, НДС не нужен.
2️⃣ От 15 до 20 млн ₽ — патента в 2027-м не будет, но на УСН можно работать без НДС.
3️⃣ Больше 20 млн ₽ — с 1 января 2027 года НДС, нужно выбрать ставку.

**4. Если НДС всё-таки появляется**
▫️ Превысили 20 млн ₽ в течение года — НДС с 1-го числа месяца, следующего за месяцем превышения.
▫️ Выбор: льготная ставка 5% или 7% без вычетов (п. 8 ст. 164 НК РФ) или общая 22% с вычетами. От льготной ставки можно один раз отказаться в первый год, дальше её применяют не менее трёх лет (п. 9 ст. 164 НК РФ).

💬 Что проверить до конца года: сколько вы уже заработали на всех режимах вместе и сколько придёт до 31 декабря. Сильнее всего изменения 2027–2028 годов заденут ИП на патенте с доходом 10–20 млн ₽ — им стоит считать уже сейчас.

Как это применить именно в вашей компании — с вашими договорами, командой и оборотами — разберём на консультации.

📌 Запись — в закреплённом посте канала или напишите мне @toymurzina_buh";media/2026-09-28/car_tg-nds-limity_01.jpg;28.09 исправленный пост ТГ
0929e-tg-post;2026-09-29;19:00;telegram;пост;готово;"❗️ Требование из налоговой — это вопрос, а не обвинение. Но от того, как и когда вы ответите, зависит, закончится ли всё на этом. Разбираю по шагам и по нормам 👇

**Шаг 1. Подтвердите получение**
В течение 6 рабочих дней отправьте квитанцию о приёме требования по ТКС (п. 5.1 ст. 23 НК РФ). Квитанция — это не ответ по существу, а подтверждение, что требование получено. Если её не передать, через 10 рабочих дней после этого срока инспекция вправе приостановить операции по счёту (пп. 2 п. 3 ст. 76 НК РФ).

**Шаг 2. Поймите, что именно просят**
▫️ **Пояснения** при камеральной проверке — 5 рабочих дней (п. 3 ст. 88 НК РФ). Пояснения к декларации по НДС принимаются только в электронном виде по ТКС. Бумажные считаются непредставленными.
▫️ **Документы** — 10 рабочих дней (п. 3 ст. 93 НК РФ). Не успеваете — уведомите инспекцию о продлении срока.

**Шаг 3. Соберите ответ из трёх блоков**
1️⃣ Суть запроса своими словами: что именно спрашивают.
2️⃣ Ваша позиция с цифрами: «расхождение связано с возвратом от поставщика на сумму …».
3️⃣ Подтверждение: перечень приложений с номерами и датами. По п. 4 ст. 88 НК РФ можно дополнительно приложить выписки из регистров и другие документы.

**Шаг 4. Не пишите так**
«Всё верно», «ошибки нет», «не согласны» — без объяснений. Такой ответ формально есть, а по сути нет. Дальше будут вызов на комиссию, допросы, иногда предпроверочный анализ.

**Шаг 5. Отправьте вовремя и сохраните подтверждение**
Через оператора ЭДО, с квитанцией о приёме.

**Сколько стоит молчание**
▫️ Непредставление пояснений — штраф 5 000 ₽, повторно в течение года — 20 000 ₽ (ст. 129.1 НК РФ).
▫️ Непредставление документов — 200 ₽ за каждый документ (п. 1 ст. 126 НК РФ).
▫️ Не отправили квитанцию о приёме — риск блокировки счёта, а это остановка бизнеса за день.

💬 Если требование пришло, а ошибка действительно есть, иногда правильнее подать уточнённую декларацию, чем объяснять. Какой путь выбрать — зависит от суммы, периода и последствий.

Как это применить именно в вашей компании — с вашими договорами, командой и оборотами — разберём на консультации.

📌 Запись — в закреплённом посте канала или напишите мне @toymurzina_buh";media/2026-09-29/car_tg-trebovanie_01.jpg;29.09 пост ТГ исправленный
0930-ig-st1;2026-09-30;23:00;instagram;сторис;готово;;media/2026-09-30/story_1_wish.jpg;30.09 сторис 1
0930-ig-st2;2026-09-30;23:00;instagram;сторис;готово;;media/2026-09-30/story_2_topic.jpg;30.09 сторис 2
0930-ig-car;2026-09-30;23:00;instagram;карусель;готово;"Налоговые споры часто проигрывают не из-за неуплаты, а из-за документов: договор есть, а доказать, что сделка настоящая, — нечем.

Собрала 5 типовых ошибок. Сохраните и пройдитесь по своим ключевым договорам.

👉 Подробный разбор со ссылками на нормы НК РФ — в Телеграм-канале @toymurzina_buhgalter. Ссылка в шапке профиля.

#договор #налоговыйспор #налоговоесопровождение #бизнес";media/2026-09-30/car_dogovory_01.jpg|media/2026-09-30/car_dogovory_02.jpg|media/2026-09-30/car_dogovory_03.jpg|media/2026-09-30/car_dogovory_04.jpg|media/2026-09-30/car_dogovory_05.jpg|media/2026-09-30/car_dogovory_06.jpg|media/2026-09-30/car_dogovory_07.jpg;30.09 карусель договоры
0930-tg-post;2026-09-30;23:00;telegram;пост;готово;"📌 Налоговые споры чаще проигрывают не из-за неуплаты, а из-за документов. Договор есть — а доказать, что сделка настоящая, нечем.

Главная норма здесь — ст. 54.1 НК РФ. Уменьшить налог по сделке можно, если одновременно:
▫️ основная цель сделки — не неуплата налога (пп. 1 п. 2);
▫️ обязательство исполнил сам контрагент или лицо, которому он законно его передал (пп. 2 п. 2);
▫️ факты хозяйственной жизни не искажены (п. 1).
Как налоговая это применяет, описано в письме ФНС от 10.03.2021 № БВ-4-7/3060@. Его стоит знать каждому собственнику.

**5 ошибок, которые я вижу чаще всего**

1️⃣ **Нет деловой цели.** Из договора и переписки непонятно, зачем бизнесу эта сделка. Для инспекции это шаг к выводу «сделка ради вычета».

2️⃣ **Цена без объяснения.** Сильно ниже или выше рынка — и ни слова почему. Для взаимозависимых лиц цены проверяются отдельно (ст. 105.1, 105.3 НК РФ). Обоснование лучше готовить в момент сделки: коммерческие предложения, расчёт, переписка.

3️⃣ **Нет закрывающих.** Оплата прошла, работа сделана, актов нет. Расход должен быть обоснован и документально подтверждён (п. 1 ст. 252 НК РФ), а каждый факт — оформлен первичкой (ст. 9 закона 402-ФЗ). Для вычета НДС — счёт-фактура и принятие на учёт (ст. 169, 171, 172 НК РФ).

4️⃣ **Контрагент «на бумаге».** Нет сотрудников, имущества, опыта. Проверяйте партнёра до подписания и храните досье: выписки, переписку, сведения о ресурсах. Это ваша должная осмотрительность.

5️⃣ **Нет следов исполнения.** Товар «приехал», а нет накладных, транспорта, приёмки, фото, переписки с исполнителями. Реальность сделки доказывают детали.

✅ Хорошая новость: по п. 3 ст. 54.1 НК РФ подписание документов неустановленным лицом или нарушения контрагента сами по себе не основание для отказа в расходах и вычетах. Но только если вы можете доказать реальность сделки и свою осмотрительность.

💬 Договор для налоговой — это не шаблон из интернета. Это история сделки: зачем, почему такая цена, кто и как исполнил. Если этой истории нет в документах — её напишет инспектор.

Как это применить именно в вашей компании — с вашими договорами, командой и оборотами — разберём на консультации.

📌 Запись — в закреплённом посте канала или напишите мне @toymurzina_buh";media/2026-09-30/car_tg-dogovory_01.jpg;30.09 пост ТГ
1001-ig-st1;2026-10-01;19:00;instagram;сторис;готово;;media/2026-10-01/story_1_wish.jpg;01.10 сторис 1
1001-ig-st2;2026-10-01;19:00;instagram;сторис;готово;;media/2026-10-01/story_2_topic.jpg;01.10 сторис 2
1001-ig-car;2026-10-01;19:00;instagram;карусель;готово;"Переплата по налогам не всегда связана с ошибками. Часто режим просто выбрали на старте — и больше к нему не возвращались.

5 признаков, что пора пересчитать. Если совпало хотя бы два — стоит сесть с цифрами.

👉 Подробный разбор со ссылками на нормы НК РФ — в Телеграм-канале @toymurzina_buhgalter. Ссылка в шапке профиля.

#УСН #налоговыйрежим #налоги #налоговоесопровождение #бизнес";media/2026-10-01/car_rezhim_01.jpg|media/2026-10-01/car_rezhim_02.jpg|media/2026-10-01/car_rezhim_03.jpg|media/2026-10-01/car_rezhim_04.jpg|media/2026-10-01/car_rezhim_05.jpg|media/2026-10-01/car_rezhim_06.jpg|media/2026-10-01/car_rezhim_07.jpg;01.10 карусель режим
1001-tg-post;2026-10-01;19:00;telegram;пост;готово;"📌 Переплата по налогам не всегда связана с ошибками. Часто режим выбрали на старте — и больше к нему не возвращались. А бизнес вырос, и 2026 год изменил правила.

**Что изменилось в 2026 году (закон № 425-ФЗ)**
▫️ Базовая ставка НДС — 22%.
▫️ Упрощенцы с доходом больше 20 млн ₽ платят НДС (ст. 145 НК РФ). На этом уровне порог заморожен до конца 2029 года. А 15 и 10 млн — это новые лимиты для патента в 2027 и 2028 годах.
▫️ Можно выбрать пониженную ставку 5% (доход до 272,5 млн ₽) или 7% (до 490,5 млн ₽) — без права на вычеты (п. 8, 9 ст. 164 НК РФ). Или платить 22% с вычетами.

**5 признаков, что пора пересчитать**

1️⃣ **Выросла выручка.** Вы перешли порог НДС или приближаетесь к нему. Выбор 5%, 7% или 22% зависит от ваших покупателей (нужен ли им вычет) и доли входящего НДС. Ошибка здесь стоит миллионы.

2️⃣ **Расходы больше половины выручки.** Тогда «доходы минус расходы» (ставка до 15%) может оказаться выгоднее «доходов» (до 6%) — ст. 346.14, 346.20 НК РФ. Но только если расходы из закрытого перечня ст. 346.16 и подтверждены документами.

3️⃣ **Появилась команда.** Для УСН — до 130 работников (пп. 15 п. 3 ст. 346.12 НК РФ), для патента — до 15 (пп. 1 п. 5 ст. 346.43 НК РФ). И взносы: льготные тарифы для большинства МСП в 2026 году отменили — фонд оплаты труда стал дороже.

4️⃣ **Несколько направлений.** Иногда их выгоднее вести на разных режимах. Законно, если это реальные самостоятельные направления, а не дробление (ст. 54.1 НК РФ).

5️⃣ **Льготы региона.** Пониженные ставки УСН устанавливают регионы (п. 1, 2 ст. 346.20 НК РФ). С 2026 года условия для таких льгот стали строже — проверьте, сохранилась ли ставка в вашем регионе и для вашего вида деятельности.

⏳ **Почему важно сейчас.** Сменить объект налогообложения на УСН можно только с 1 января, уведомив налоговую до 31 декабря (п. 2 ст. 346.14 НК РФ). Перейти на УСН с общего режима — тоже уведомление до 31 декабря (п. 1 ст. 346.13 НК РФ). Кто не успел — ещё год на старых условиях.

💬 Режим — это не галочка при регистрации. Это решение, которое стоит пересматривать каждый год на своих цифрах. Осень — лучшее время это сделать.

Как это применить именно в вашей компании — с вашими договорами, командой и оборотами — разберём на консультации.

📌 Запись — в закреплённом посте канала или напишите мне @toymurzina_buh";media/2026-10-01/car_tg-rezhim_01.jpg;01.10 пост ТГ
1002-ig-st1;2026-10-02;13:00;instagram;сторис;готово;;media/2026-10-02/story_1_vernulas.jpg;02.10 сторис 1: меня долго не было
1002-ig-st2;2026-10-02;13:00;instagram;сторис;готово;;media/2026-10-02/story_2_otpusk.jpg;02.10 сторис 2: где я была — в отпуске
1002-ig-car;2026-10-02;13:00;instagram;карусель;готово;"Меня долго не было в сети — и это было осознанное решение.

Я взяла отпуск от проявленности. Не от работы, не от семьи, а именно от необходимости всё время быть на виду. Эту энергию я направила на две вещи: выстроила устойчивую систему в действующем деле и занялась развитием проекта налогового сопровождения и консультирования.

Я уверена: рост возможен, только когда мы разрешаем себе хоть где-то выдохнуть. Иногда это пауза в роли жены, иногда в роли мамы, иногда в роли эксперта, который всегда онлайн.

Что изменилось в налогах за 2026 год и кого это касается — подробно разобрала в Телеграм-канале, ссылка в шапке профиля.

А вам от какой роли нужен отпуск прямо сейчас? 👇";media/2026-10-02/car_otpusk_01.jpg|media/2026-10-02/car_otpusk_02.jpg|media/2026-10-02/car_otpusk_03.jpg|media/2026-10-02/car_otpusk_04.jpg|media/2026-10-02/car_otpusk_05.jpg|media/2026-10-02/car_otpusk_06.jpg|media/2026-10-02/car_otpusk_07.jpg;02.10 карусель отпуск
1002-tg-post;2026-10-02;13:00;telegram;пост;готово;"**Где я была? В отпуске.**

__Но не от работы — от проявленности.__

Меня долго не было в канале, и это было осознанное решение. Я поставила на паузу одну роль — ту, где нужно всё время быть на виду. И направила эту энергию на две вещи.

Первое — я выстроила устойчивую систему в действующем деле. __Чтобы работа держалась на процессах, а не только на мне.__

Второе — я занялась развитием проекта **налогового сопровождения и консультирования.** И выбрала для этого очень правильное время.

**Потому что 2026 год перевернул налоги**

Такого объёма изменений за один год я не помню давно. Коротко о главном:

— Базовая ставка НДС выросла с 20% до 22%. И применяется ко всем отгрузкам с 1 января, __даже если договор заключён раньше.__
— Упрощенцы теперь платят НДС, если доход за год больше 20 млн. Дальше порог будет снижаться.
— Для большинства малого бизнеса отменили льготные тарифы страховых взносов. Фонд оплаты труда стал дороже.
— Налоговая всё чаще находит расхождения автоматически. Требование приходит роботом, а деньги уходят «добровольно», без всякой выездной проверки.

**Если у вас крупная компания или группа компаний — это прежде всего про вас**

Для крупного бизнеса 2026 год — это не «поменялась ставка». Это пересчёт всей модели.

__Два процента НДС на обороте в сотни миллионов — это уже не налог, а отдельная статья расходов.__ Её надо было заложить в цены, договоры и бюджет ещё вчера.

Налог на прибыль — 25%. Взносы выросли. А группы компаний налоговая сейчас проверяет особенно внимательно — на признаки дробления. Там, где раньше хватало «правильной структуры», теперь доначисляют налоги по всей группе сразу.

__Самые дорогие ошибки я вижу не у малого бизнеса, а у крупного.__ Потому что там каждая неточность умножается на масштаб.

**Что будет дальше в канале**

Я запускаю серию разборов. Простым языком, на примерах, с цифрами:

— как НДС 22% ударил по действующим договорам и что с этим делать;
— 5%, 7% или 22% — что на самом деле выгоднее упрощенцу, который вошёл в НДС;
— по каким признакам налоговая находит дробление и как пройти проверку группы компаний;
— что такое налоговое сопровождение и чем оно отличается от обычной бухгалтерии.

__Если вы собственник, финансовый директор или главный бухгалтер — оставайтесь. Будет полезно и местами неожиданно.__

А пока вопрос: что из этого для вас сейчас самое больное? Напишите в комментариях — с этого и начну разбор 👇";media/2026-10-02/tg_otpusk.jpg;02.10 пост ТГ: где я была + изменения 2026
1004-ig-car;2026-10-04;21:00;instagram;карусель;готово;"Цена в договоре та же. НДС вырос. А разницу платите вы 😐

С 1 января 2026 года ставка НДС — 22%. И применяется она по дате отгрузки, а не по дате договора. Если договор подписан в 2025-м с ценой «включая НДС» и без условия о пересмотре — с каждых 10 млн выручки около 136 000 ₽ уходит в бюджет из вашей прибыли.

В карусели — 5 пунктов, которые стоит проверить в договорах прямо сейчас: цена «включая» или «плюс» НДС, авансы 2025 года и допсоглашения.

👉 Как формулировать условие о цене и что писать в допсоглашении — подробно разбираю в Телеграм-канале. Ссылка в шапке профиля.

А у вас старые договоры уже пересмотрены? Напишите в комментариях 👇

#ндс #ндс2026 #налоги #бухгалтерия #налоговыйконсультант #бизнес #договоры";media/2026-10-04/car_nds22-dogovory_01.jpg|media/2026-10-04/car_nds22-dogovory_02.jpg|media/2026-10-04/car_nds22-dogovory_03.jpg|media/2026-10-04/car_nds22-dogovory_04.jpg|media/2026-10-04/car_nds22-dogovory_05.jpg|media/2026-10-04/car_nds22-dogovory_06.jpg|media/2026-10-04/car_nds22-dogovory_07.jpg;04.10 карусель НДС 22% и договоры (только ИГ)
1005-ig-st1;2026-10-05;23:00;instagram;сторис;готово;;media/2026-10-05/story_1_wish.jpg;05.10 сторис 1: хорошего понедельника
1005-ig-st2;2026-10-05;23:00;instagram;сторис;готово;;media/2026-10-05/story_2_topic.jpg;05.10 сторис 2: казне нужны деньги
1005-ig-car;2026-10-05;23:00;instagram;карусель;готово;"Бюджету нужны деньги — и в этом году бизнес будут проверять чаще. Штрафы за налоговые ошибки — самый быстрый способ пополнить казну. Причём штрафуют не за схемы, а за мелочи 👇

▫️ не подтвердили требование — и счёт встал;
▫️ промолчали на пояснения — 5 000 ₽;
▫️ сдали декларацию на день позже — 5% за каждый месяц;
▫️ не пробили чек за перевод на карту — от 30 000 ₽ для компании;
▫️ доход на маркетплейсе не сошёлся с декларацией — с 1 октября это видно автоматически;
▫️ самозанятый работает как сотрудник — доначисления за весь период;
▫️ зарплата ниже рынка — вызов на комиссию.

Контроль стал автоматическим: робот сверяет банк, кассы, отчёты и площадки. Ошибку находят без инспектора — и выставляют счёт.

Хорошая новость: почти все эти штрафы предотвращаются порядком в документах и сроках.

💾 Сохраните карусель, чтобы проверить себя.
📩 Перешлите тому, кто ведёт бизнес — это сэкономит ему деньги.

👉 Хотите проверить свою компанию до налоговой — приходите на консультацию. Больше информации — в моём Телеграм-канале @toymurzina_buhgalter, переходите по ссылке в шапке профиля

#налоговая #штрафы #штрафыналоговой #фнс #налоги2026 #блокировкасчета #требованиеналоговой #онлайнкасса #маркетплейсы #самозанятые #бизнес #малыйбизнес #предприниматель #ип #ооо #бухгалтерия #бухгалтер #налоговыйконсультант #налоговоесопровождение #бизнесбезштрафов #налоговаяпроверка #налоговыйконтроль #ндфл #ндс #предпринимательство #бизнесвроссии #финансыбизнеса #бухучет #налоговыйконсультантонлайн #йошкарола";media/2026-10-05/car_shtrafy_01.jpg|media/2026-10-05/car_shtrafy_02.jpg|media/2026-10-05/car_shtrafy_03.jpg|media/2026-10-05/car_shtrafy_04.jpg|media/2026-10-05/car_shtrafy_05.jpg|media/2026-10-05/car_shtrafy_06.jpg|media/2026-10-05/car_shtrafy_07.jpg|media/2026-10-05/car_shtrafy_08.jpg|media/2026-10-05/car_shtrafy_09.jpg;05.10 карусель штрафы (только ИГ)
1006-ig-st1;2026-10-06;23:00;instagram;сторис;готово;;media/2026-10-06/story_2_topic.jpg;06.10 сторис: налоговая работает по-новому (фото на диване)
1006-ig-car;2026-10-06;23:00;instagram;карусель;готово;"Налоговая уже не та, что пять лет назад. Меньше выездов с проверками — больше автоматического контроля, и правила игры для бизнеса меняются 👇

▫️ декларацию может проверить инспекция из другого региона;
▫️ первым вас проверяет робот: банк, кассы, отчёты и контрагенты сверяются автоматически;
▫️ требование — ещё не штраф, а повод спокойно объяснить операцию;
▫️ документы «задним числом» не спасают — доказательства собираются в момент сделки;
▫️ партнёров нужно проверять регулярно, а не один раз перед договором.

Вывод простой: рутину забирает техника, а выигрывает тот, кто видит риски заранее и держит учёт в порядке.

💾 Сохраните карусель, чтобы не потерять.
📩 Перешлите тому, кто ведёт бизнес.

👉 Хотите проверить свою компанию до налоговой — приходите на консультацию. Больше информации — в моём Телеграм-канале @toymurzina_buhgalter, переходите по ссылке в шапке профиля

#налоговая #фнс #налоги2026 #налоговаяпроверка #налоговыйконтроль #камеральнаяпроверка #требованиеналоговой #проверкаконтрагентов #должнаяосмотрительность #налоговыериски #бизнес #малыйбизнес #предприниматель #предпринимательство #ип #ооо #бухгалтерия #бухгалтер #бухучет #налоговыйконсультант #налоговоесопровождение #налоговыйконсультантонлайн #бизнесбезштрафов #бизнесвроссии #финансыбизнеса #ндс #ндфл #автоматизация #собственникбизнеса #йошкарола";media/2026-10-06/car_fns-novoe_01.jpg|media/2026-10-06/car_fns-novoe_02.jpg|media/2026-10-06/car_fns-novoe_03.jpg|media/2026-10-06/car_fns-novoe_04.jpg|media/2026-10-06/car_fns-novoe_05.jpg|media/2026-10-06/car_fns-novoe_06.jpg|media/2026-10-06/car_fns-novoe_07.jpg|media/2026-10-06/car_fns-novoe_08.jpg;06.10 карусель ФНС по-новому (только ИГ)
